,FID,GEOID10,AREA_SQFT,AREA_ACRES,POP100_RE,HU100_RE,TotDis,TotChild,OlderAdult,Low_to_No,LEP,POC2,MedIllnes,Name,Shape__Area,Shape__Length,longitude,latitude,closest_sensor,pm2.5_atm,pm10_atm
0,1,25025010405,3914567.54,89.8661,5522,994,470,60,331,1191,1522,1755,2131.22,Mission Hill,666100.0,6036.19290737238,-71.08960578928992,42.339874142595846,29389,7.7455,8.405000000000001
1,2,25025010404,1472713.92,33.8089,5817,1862,299,77,56,2387,2443,1749,2201.14,Fenway,250612.3828125,2176.59217081707,-71.08863804653,42.34197537754171,29389,7.7455,8.405000000000001
2,3,25025010801,1376667.12,31.6039,2783,1899,84,281,390,72,462,447,1214.76,Back Bay,234357.91015625,2542.04307815989,-71.0770221793632,42.35412791177561,29389,7.7455,8.405000000000001
3,4,25025010702,3228780.12,74.1226,2400,1643,45,86,285,187,472,320,1014.2,Back Bay,549614.0078125,3224.57304425674,-71.07551650242489,42.35184401224233,29389,7.7455,8.405000000000001
4,5,25025010204,2741497.18,62.9361,3173,1283,131,13,36,895,931,1039,1181.78,Fenway,466585.23828125,3143.61063710589,-71.10338855317528,42.34629739362335,29389,7.7455,8.405000000000001
5,6,25025010802,1673329.62,38.4144,3059,2106,109,232,428,309,737,517,1245.52,Back Bay,284837.1953125,2666.11245707734,-71.08568079544102,42.35152673357136,29389,7.7455,8.405000000000001
6,7,25025010104,3086172.34,70.8488,4804,2136,238,85,382,1024,1406,1664,1865.37,Back Bay,525294.91015625,3884.93358959166,-71.09332057103327,42.34917256856027,29389,7.7455,8.405000000000001
7,8,25025000703,1916064.65,43.9868,2791,1418,99,31,31,1740,1771,1083,1029.6,Allston,326153.7421875,3052.86672898749,-71.12821645962984,42.35133770230239,29389,7.7455,8.405000000000001
8,9,25025000504,3586159.72,82.3269,4985,2726,700,35,837,1967,2804,1123,2113.6,Brighton,610249.078125,4370.41741468175,-71.14382682393936,42.34148051586106,28273,8.242,9.116
9,10,25025000704,2580833.98,59.2478,4801,2405,301,142,113,1560,1673,1928,1802.25,Allston,439292.9921875,2870.10835319277,-71.13340507584454,42.35001155115027,28273,8.242,9.116
10,11,25025010103,2938702.47,67.4633,4569,528,122,34,16,392,408,1995,1629.62,Fenway,500203.43359375,4000.08434834764,-71.10344859218954,42.34979042791533,29389,7.7455,8.405000000000001
11,12,25025000803,12465804.76,286.1755,6584,946,285,168,96,598,694,2649,2378.26,Fenway,2122482.48828125,10226.7444186413,-71.12126340755002,42.35948644021074,29389,7.7455,8.405000000000001
12,13,25025980300,22640579.76,519.7562,338,2,136,0,64,242,306,191,149.4,Jamaica Plain,3847996.359375,8740.78364308694,-71.09493432610326,42.30268524048715,26219,8.807500000000001,9.9115
13,14,25025120201,7743687.53,177.7706,3439,1726,378,571,306,1221,1527,1536,1345.15,Jamaica Plain,1316220.78515625,5174.53505929243,-71.1083680675138,42.305165685421734,26219,8.807500000000001,9.9115
14,15,25025120104,3124502.39,71.7287,2095,1060,137,342,146,403,549,736,802.52,Jamaica Plain,531091.16796875,3583.98421341706,-71.11730554410592,42.30569495793331,26219,8.807500000000001,9.9115
15,16,25025110607,12606722.98,289.4105,5077,2227,486,772,987,675,1662,992,2177.4,Roslindale,2141804.65234375,8391.0488196984,-71.13464039722281,42.29029550273872,26219,8.807500000000001,9.9115
16,17,25025000302,6845240.11,157.1451,3142,1346,243,335,334,754,1088,847,1259.57,Brighton,1165029.1875,5114.34422130814,-71.16726314332388,42.34663562608377,28273,8.242,9.116
17,18,25025000301,6159816.07,141.4099,2740,1219,326,280,357,379,736,690,1115.87,Brighton,1048620.72265625,4982.87746647,-71.16882712224601,42.35415293042152,28273,8.242,9.116
18,19,25025140400,20351684.25,467.2104,7650,2906,760,1839,1019,1654,2673,6984,2980.22,Roslindale,3455346.61328125,11303.2034965295,-71.11098204454727,42.26932612781275,26219,8.807500000000001,9.9115
19,20,25025140300,17100930.39,392.5833,6382,2525,983,900,1016,1361,2377,5198,2480.86,Hyde Park,2902468.60546875,9975.19986557243,-71.11881655252301,42.25882272479195,26219,8.807500000000001,9.9115
20,21,25025140201,15233749.25,349.7188,2072,935,161,366,131,160,291,1094,792.52,Hyde Park,2583795.65234375,9698.35156606373,-71.12995033711128,42.23710940091759,26219,8.807500000000001,9.9115
21,22,25025140202,16745324.86,384.4198,5600,2081,745,1401,725,840,1565,3200,2153.35,Hyde Park,2841243.5625,7631.15271377505,-71.11736410430858,42.24907980659721,26219,8.807500000000001,9.9115
22,23,25025140102,23198637.86,532.5674,4401,1654,529,975,546,666,1212,2702,1660.79,West Roxbury,3935789.66015625,12149.0989851129,-71.13797835078972,42.24575656394834,26219,8.807500000000001,9.9115
23,24,25025100800,19049295.24,437.3116,5546,2702,1041,1585,772,864,1636,2650,2169.73,Mattapan,3235148.44140625,10737.0877204226,-71.06078465344889,42.27840625239361,26219,8.807500000000001,9.9115
24,25,25025100601,5947564.59,136.5373,5154,2192,450,1006,429,841,1270,3052,1878.33,Dorchester,1010472.81640625,4576.55436463994,-71.05627987416722,42.29085773036278,26219,8.807500000000001,9.9115
25,26,25025100500,9244789.61,212.2312,5989,2383,894,1413,493,1256,1749,5193,2149.0,Dorchester,1570532.08203125,5920.39560853341,-71.07074789037873,42.28824307826345,26219,8.807500000000001,9.9115
26,27,25025100400,6739591.92,154.7197,4865,1830,723,1016,599,1090,1689,4308,1839.6,Mattapan,1144709.0078125,4975.92874945639,-71.07084517939884,42.28179568418366,26219,8.807500000000001,9.9115
27,28,25025100300,5294161.33,121.5372,3303,1262,672,1052,355,1305,1660,3183,1199.65,Mattapan,899233.578125,4340.72838458024,-71.07979778201337,42.282806607649164,26219,8.807500000000001,9.9115
28,29,25025130402,24463363.16,561.6015,4637,2196,614,716,816,380,1196,942,1931.52,West Roxbury,4153884.7734375,11148.4192930875,-71.16940324861557,42.272774842194416,39657,12.1045,13.859
29,30,25025130300,15522347.97,356.3441,4419,1811,297,1004,690,188,878,742,1752.17,Roslindale,2636226.47265625,7428.26329686546,-71.15071045411099,42.279138309406534,26219,8.807500000000001,9.9115
30,31,25025130200,14558816.72,334.2244,4506,1914,301,872,746,192,938,593,1874.69,Roslindale,2473224.234375,7321.32914012963,-71.15701232063005,42.28734061614286,39657,12.1045,13.859
31,32,25025130100,47252103.12,1084.759,5906,2816,702,1135,1043,379,1422,1117,2388.24,West Roxbury,8027732.4765625,14344.6620413116,-71.17132659717845,42.28992857705939,39657,12.1045,13.859
32,33,25025120700,3201881.94,73.5051,2014,1044,179,173,239,410,649,747,830.1,Jamaica Plain,544562.06640625,4171.27543944695,-71.11121159327757,42.32426440429295,26219,8.807500000000001,9.9115
33,34,25025120600,2779177.05,63.8011,2335,1103,171,240,104,259,363,584,900.54,Jamaica Plain,472593.64453125,2702.51260710699,-71.10884126746105,42.31911837383519,26219,8.807500000000001,9.9115
34,35,25025120500,2300163.94,52.8045,2331,905,260,456,166,752,918,1567,875.52,Jamaica Plain,391157.58984375,3154.68675442953,-71.10420304974141,42.3206673713274,26219,8.807500000000001,9.9115
35,36,25025120400,10751638.6,246.8237,5751,2825,405,740,403,1148,1551,1407,2368.06,Jamaica Plain,1827995.88671875,7538.40732285082,-71.11166598153935,42.313910315509965,26219,8.807500000000001,9.9115
36,37,25025110601,15228405.8,349.5961,2969,1295,335,443,843,159,1002,389,1341.12,Roslindale,2587677.50390625,6922.91020315498,-71.14044536459751,42.29600346733218,26219,8.807500000000001,9.9115
37,38,25025110502,7365204.55,169.0818,3806,1684,347,659,461,481,942,1736,1504.48,Roslindale,1251013.125,5165.09282558452,-71.13260554188108,42.28292584702152,26219,8.807500000000001,9.9115
38,39,25025110501,6972865.51,160.075,3253,1371,529,840,501,638,1139,954,1283.32,Roslindale,1184344.39453125,4846.05545164341,-71.14144931516547,42.28217057290541,26219,8.807500000000001,9.9115
39,40,25025110401,5623201.08,129.0909,3566,1362,440,853,303,985,1288,2449,1298.43,Roslindale,955231.703125,4296.61485699984,-71.1225535375894,42.286441991539206,26219,8.807500000000001,9.9115
40,41,25025101102,6040704.52,138.6755,4396,1672,900,1413,507,2158,2665,4342,1593.41,Mattapan,1025908.19140625,5759.17809128343,-71.09204671445343,42.27880483023679,26219,8.807500000000001,9.9115
41,42,25025101101,4087498.72,93.8361,3155,1160,461,918,366,827,1193,3126,1149.59,Mattapan,694274.54296875,3754.78080679895,-71.09508246638909,42.282673617799006,26219,8.807500000000001,9.9115
42,43,25025101002,12588331.04,288.9883,4979,2149,914,1239,777,1475,2252,4778,1926.43,Mattapan,2137594.890625,6872.71145686641,-71.08594831396735,42.27416151223618,26219,8.807500000000001,9.9115
43,44,25025101001,14014997.85,321.7401,5480,2266,1098,1136,698,1518,2216,5347,2163.21,Roslindale,2379706.2890625,8259.19954121127,-71.10017138748226,42.27219375613095,26219,8.807500000000001,9.9115
44,45,25025100900,10776155.25,247.3865,4072,1729,507,945,478,1315,1793,3139,1544.95,Mattapan,1829853.078125,8429.16680326858,-71.07463095401926,42.273802557771404,26219,8.807500000000001,9.9115
45,46,25025981600,6512223.54,149.5001,0,0,0,0,0,0,0,0,0.0,East Boston,1109816.83984375,8440.76326096118,-70.99361439572014,42.38859153895411,3642,7.6985,8.4805
46,47,25025051101,12481789.43,286.5425,6093,2345,655,1430,690,2013,2703,2904,2326.07,East Boston,2127114.671875,11480.2281686456,-71.00427235336468,42.388032642673274,3642,7.6985,8.4805
47,48,25025051000,11241128.12,258.0608,4089,1784,831,888,762,939,1701,1873,1611.39,East Boston,1915578.69921875,8375.4845024298,-71.01556929843001,42.38626469260799,3642,7.6985,8.4805
48,49,25025030400,1169226.18,26.8417,2451,1659,185,144,215,572,787,198,1020.89,North End,199108.65234375,2510.83716733793,-71.05416838459824,42.36444535151819,29389,7.7455,8.405000000000001
49,50,25025030300,7441425.2,170.8316,4872,2960,678,310,1001,831,1832,884,2185.21,North End,1267040.18359375,9013.74315560016,-71.05550980837366,42.360250808855845,29389,7.7455,8.405000000000001
50,51,25025981300,77303253.63,1774.6385,389,245,0,55,0,16,16,131,151.28,East Boston,13164093.7773438,23907.1486028679,-71.01247691211114,42.3645560305841,3642,7.6985,8.4805
51,52,25025110103,10064472.96,231.0485,5460,2353,624,1264,357,1584,1941,3322,2036.89,Roslindale,1710209.66015625,9686.15602495687,-71.11573915166763,42.296191252221696,26219,8.807500000000001,9.9115
52,53,25025110301,8803506.22,202.1007,2405,955,338,506,179,241,420,1450,917.61,Roslindale,1495497.96875,6019.19770884261,-71.11327807313383,42.28681386656996,26219,8.807500000000001,9.9115
53,54,25025140106,3045619.77,69.9178,1901,898,360,658,238,806,1044,1623,679.79,Roslindale,517182.578125,3177.15992259952,-71.13667447868997,42.2749464827973,26219,8.807500000000001,9.9115
54,55,25025010701,2177562.16,49.9899,2478,1599,83,158,111,405,516,469,1005.53,Back Bay,370647.11328125,2844.34398900225,-71.08388133231968,42.349730960037846,29389,7.7455,8.405000000000001
55,56,25025010408,466915.08,10.7189,1426,961,5,34,42,454,496,412,540.77,Fenway,79458.1484375,1157.9462991962,-71.09584668715995,42.34317689658192,29389,7.7455,8.405000000000001
56,57,25025000503,1497746.66,34.3835,2211,1408,71,15,147,451,598,472,893.44,Brighton,254853.57421875,2400.16965268197,-71.15009980825897,42.339644650671985,28273,8.242,9.116
57,58,25025030200,718033.85,16.4838,1665,1103,94,11,199,400,599,142,702.05,North End,122275.00390625,1847.67875185992,-71.05697558787196,42.36452944921629,29389,7.7455,8.405000000000001
58,59,25025030100,821725.44,18.8642,1954,1377,104,69,217,581,798,136,848.11,North End,139943.48046875,1643.68936308702,-71.05615079788656,42.36695485971512,3642,7.6985,8.4805
59,60,25025020200,1258118.25,28.8824,3649,2478,135,250,170,802,972,610,1482.61,West End,214218.5234375,2188.39866644666,-71.06863397871288,42.36034408607577,29389,7.7455,8.405000000000001
60,61,25025010600,3654163.73,83.8881,2858,2325,293,151,683,346,1029,699,1246.18,Back Bay,621941.66796875,4101.92270595796,-71.07938565984645,42.34764711098558,29389,7.7455,8.405000000000001
61,62,25025010500,2137658.05,49.0739,3044,1767,433,33,511,1080,1591,1074,1251.06,Back Bay,363799.67578125,2680.90624543607,-71.08416739453288,42.34488378732433,29389,7.7455,8.405000000000001
62,63,25025010300,5480700.06,125.8196,4861,416,207,118,11,186,197,1480,1824.08,Longwood Medical Area,932578.8203125,5082.93072736073,-71.1017933916678,42.339433791083934,29389,7.7455,8.405000000000001
63,64,25025000802,10520753.59,241.5233,8136,3129,639,469,220,3381,3601,3844,3004.1,Brighton,1791162.140625,8755.5216223174,-71.12975820252039,42.35688045784095,29389,7.7455,8.405000000000001
64,65,25025000701,2480202.83,56.9376,4446,2359,190,102,126,1176,1302,1396,1708.7,Brighton,422123.6796875,2963.48769036834,-71.13798530772365,42.34696673399904,28273,8.242,9.116
65,66,25025981201,8466782.86,194.3706,0,0,0,0,0,0,0,0,0.0,Dorchester,1440276.52734375,18423.4115250701,-71.03601089506442,42.3305133877691,29389,7.7455,8.405000000000001
66,67,25025981501,9855271.2,226.2459,12,0,0,0,0,0,0,5,5.04,Back Bay,1678094.82421875,37055.0765250241,-71.11681744360483,42.36126065022658,29389,7.7455,8.405000000000001
67,68,25025981700,3549169.38,81.4777,0,0,0,0,0,0,0,0,0.0,Back Bay,604206.31640625,3297.01352678857,-71.06726303042046,42.35471706429663,29389,7.7455,8.405000000000001
68,69,25025981800,11806322.09,271.0359,82,49,0,0,8,0,8,11,43.24,Jamaica Plain,2008240.65625,16921.9516595243,-71.11107461469607,42.32858359943067,29389,7.7455,8.405000000000001
69,70,25025100200,3773472.45,86.627,2787,1013,387,691,219,497,716,2750,973.51,Mattapan,640979.34375,3752.88595214373,-71.08572207415835,42.284809055535305,26219,8.807500000000001,9.9115
70,71,25025081200,3039251.67,69.7716,3265,1232,557,1177,292,2122,2414,2872,1113.61,Jamaica Plain,516905.45703125,3278.49015508653,-71.10386313903274,42.32444020683366,26219,8.807500000000001,9.9115
71,72,25025081100,5337204.78,122.5254,4091,1781,314,443,610,1578,2188,2138,1713.58,Jamaica Plain,907846.23046875,6384.90830767346,-71.10748136434718,42.32839924298934,29389,7.7455,8.405000000000001
72,73,25025080900,2762558.85,63.4196,4008,1776,209,246,335,1729,2064,1407,1560.02,Mission Hill,469963.59375,3351.81870035344,-71.10169143330182,42.3323545593184,29389,7.7455,8.405000000000001
73,74,25025080801,3925348.89,90.1136,3885,946,455,602,206,1807,2013,2627,1347.88,Mission Hill,667823.92578125,3272.86868468911,-71.0962100596075,42.33461440540009,29389,7.7455,8.405000000000001
74,75,25025080601,6029101.2,138.4091,4271,920,224,462,97,1424,1521,2125,1544.26,Mission Hill,1025696.86328125,6950.80699910222,-71.08804541110587,42.33337542532376,29389,7.7455,8.405000000000001
75,76,25025080500,2643088.91,60.677,3096,1323,663,707,240,1919,2159,2863,1064.84,Roxbury,449686.73828125,3274.72535279935,-71.08254240657389,42.33569102757302,29389,7.7455,8.405000000000001
76,77,25025080401,4740788.83,108.8335,2710,1249,589,805,300,1540,1840,2510,999.88,Roxbury,806492.1015625,5235.83033997813,-71.08089910141014,42.33212724700684,29389,7.7455,8.405000000000001
77,78,25025080300,2893472.78,66.425,1769,791,309,373,80,938,1018,1686,629.14,Roxbury,492158.69140625,3543.02036580523,-71.07905095898212,42.327460617488214,29389,7.7455,8.405000000000001
78,79,25025071101,3904559.5,89.6364,3753,2185,574,506,367,1638,2005,1916,1498.77,Roxbury,664315.0,3768.05015803819,-71.07275748218619,42.335964809814755,29389,7.7455,8.405000000000001
79,80,25025070900,1802491.05,41.3795,3329,1798,471,285,228,865,1093,1847,1259.64,Roxbury,306696.59765625,2338.29225614345,-71.07815965418943,42.33843692856131,29389,7.7455,8.405000000000001
80,81,25025100100,11170897.96,256.4485,5510,2047,1030,2244,469,2786,3255,5453,1901.9,Roxbury,1897861.21875,5995.5105346252,-71.08743087315412,42.29019581111291,26219,8.807500000000001,9.9115
81,82,25025092400,6393422.53,146.7728,5277,2065,769,1734,304,2366,2670,5221,1834.43,Roxbury,1086400.28125,5465.1759080214,-71.08498829402646,42.2960504174861,26219,8.807500000000001,9.9115
82,83,25025092300,3691503.3,84.7453,2893,1077,469,866,325,793,1118,2846,1025.58,Dorchester,627236.08203125,3244.82004941034,-71.07506134087406,42.293952192366625,26219,8.807500000000001,9.9115
83,84,25025092200,6256656.21,143.6331,3349,1227,370,558,241,692,933,2609,1214.13,Dorchester,1063126.15234375,4618.31104303898,-71.06617029051822,42.29503181184772,26219,8.807500000000001,9.9115
84,85,25025092000,5271120.79,121.0083,4945,1693,762,1532,476,1816,2292,4687,1751.7,Dorchester,895795.703125,4815.16930602393,-71.06756731144387,42.29968445761825,26219,8.807500000000001,9.9115
85,86,25025091900,5187639.74,119.0918,3860,1380,674,1055,381,1180,1561,3766,1342.99,Dorchester,881641.05078125,3965.83890540021,-71.07553138340832,42.30084948788627,26219,8.807500000000001,9.9115
86,87,25025091800,4650342.47,106.7572,3452,1214,515,949,311,1169,1480,3320,1215.35,Dorchester,790489.3984375,3681.99917287114,-71.07051728584565,42.307375051794146,26219,8.807500000000001,9.9115
87,88,25025091700,3114052.12,71.4888,3069,1050,465,964,175,1457,1632,2869,1043.21,Dorchester,529280.3828125,3758.10626178309,-71.06591422756539,42.303619773406474,26219,8.807500000000001,9.9115
88,89,25025091600,3365584.51,77.2632,3138,1165,625,1193,370,1984,2354,2753,1063.01,Dorchester,572075.75,4190.20544771592,-71.0611899877666,42.306045059732746,26219,8.807500000000001,9.9115
89,90,25025050101,3226514.74,74.0706,5115,1850,920,1270,526,2063,2589,3687,1768.04,East Boston,549730.37890625,5260.63104422539,-71.03797308206286,42.380860105981796,3642,7.6985,8.4805
90,91,25025050901,6618679.35,151.944,4165,1446,463,830,229,1587,1816,2950,1482.12,East Boston,1127713.81640625,8668.38083009012,-71.02884752543699,42.381672392314975,3642,7.6985,8.4805
91,92,25025060501,4431658.04,101.7369,3571,1942,234,324,269,437,706,228,1457.68,South Boston Waterfront,754016.9765625,4745.6792480621,-71.03821389186396,42.33687715340372,29389,7.7455,8.405000000000001
92,93,25025140107,6752343.7,155.0125,2531,1051,228,589,347,322,669,1640,985.73,Hyde Park,1146007.76953125,6222.63894370526,-71.12842117840955,42.25773038296383,26219,8.807500000000001,9.9115
93,94,25025130404,17628731.82,404.7,2901,1322,305,488,613,286,899,847,1252.41,West Roxbury,2992962.05078125,7814.68145837727,-71.15696931057765,42.26851068027172,26219,8.807500000000001,9.9115
94,95,25025981202,17165825.45,394.0731,207,0,0,0,0,0,0,52,78.27,South Boston Waterfront,2921131.34375,21495.7681457747,-71.03027088024831,42.34193341638682,29389,7.7455,8.405000000000001
95,96,25025040100,2791324.87,64.08,2168,1239,141,322,290,214,504,116,917.28,Charlestown,475470.1171875,3901.49436289691,-71.06058254690961,42.37331419321227,3642,7.6985,8.4805
96,97,25025040600,15428730.63,354.1949,2444,1334,176,326,318,387,705,209,1012.23,Charlestown,2628862.19921875,14380.9178606662,-71.0710983547068,42.38242376267811,3642,7.6985,8.4805
97,98,25025000602,6455495.77,148.1978,3974,2035,584,454,546,1676,2222,1837,1548.04,Brighton,1098786.8984375,4985.45724599918,-71.1424574476792,42.349260048386796,28273,8.242,9.116
98,99,25025000601,5328243.45,122.3196,3571,1525,205,276,334,829,1163,1091,1429.35,Brighton,906988.98828125,6368.02293613991,-71.1474449063131,42.35175262602981,28273,8.242,9.116
99,100,25025000502,12898832.45,296.1164,6303,2041,460,98,304,1043,1347,1584,2473.17,Brighton,2194611.2890625,7636.30985329529,-71.15896903799133,42.336327149818146,28273,8.242,9.116
100,101,25025000402,8683342.13,199.3421,3648,1543,170,540,367,1117,1484,914,1399.95,Brighton,1477751.296875,4930.41879032155,-71.15882930296648,42.344182898154266,28273,8.242,9.116
101,102,25025130406,11351426.76,260.5929,5107,2192,430,1444,614,1911,2525,3513,1845.94,West Roxbury,1926705.25390625,7342.64709125372,-71.15124588641812,42.26006870527811,26219,8.807500000000001,9.9115
102,103,25025120103,3802045.27,87.2829,1508,696,66,313,177,117,294,238,596.44,Jamaica Plain,646380.81640625,3240.3590400183,-71.11826375142434,42.311765422823484,26219,8.807500000000001,9.9115
103,104,25025100700,13058453.75,299.7808,4322,1975,421,877,696,485,1181,475,1762.07,Dorchester,2218022.39453125,7758.23288084341,-71.04922591942704,42.282717337389904,26219,8.807500000000001,9.9115
104,105,25025100603,9541179.81,219.0353,1904,840,185,225,376,120,496,590,752.98,Dorchester,1621001.953125,9721.47404944838,-71.0443211574593,42.290565463752195,26219,8.807500000000001,9.9115
105,106,25025092101,13905650.86,319.2298,6451,2454,1136,1350,590,2401,2991,4545,2240.18,Dorchester,2363077.25390625,7938.4484163639,-71.05393827911955,42.29826529805254,26219,8.807500000000001,9.9115
106,107,25025061101,1778928.98,40.8386,2232,1044,354,787,207,1542,1749,1783,738.64,Dorchester,302571.80859375,2835.96947008216,-71.05429743661826,42.32629305780963,29389,7.7455,8.405000000000001
107,108,25025070800,2092259.14,48.0317,3706,2156,340,289,240,1165,1405,1399,1469.35,Roxbury,356031.5859375,2513.4148562129,-71.08098556809406,42.34115740142396,29389,7.7455,8.405000000000001
108,109,25025070700,1766562.81,40.5547,2361,1366,296,321,232,528,760,1074,935.18,South End,300653.82421875,2970.4808432048,-71.07614897789804,42.345896249595796,29389,7.7455,8.405000000000001
109,110,25025070600,1426485.77,32.7476,2240,1309,11,331,110,238,348,402,925.17,South End,242755.5390625,2348.44333124732,-71.07537763678712,42.34326710531638,29389,7.7455,8.405000000000001
110,111,25025070500,3199661.22,73.4541,5460,3066,586,967,639,1544,2183,2498,2133.73,South End,544487.42578125,3839.91894868233,-71.07182395080152,42.34194480170665,29389,7.7455,8.405000000000001
111,112,25025070300,3617102.88,83.0373,3909,2706,212,506,550,951,1501,926,1693.91,Bay Village,615649.03515625,3837.94942529465,-71.07035763006449,42.34841922939752,29389,7.7455,8.405000000000001
112,113,25025000401,4639384.1,106.5056,5672,2965,887,558,1198,1899,3097,1583,2419.08,Brighton,789533.03125,3930.69695574554,-71.14929348668453,42.343858159050924,28273,8.242,9.116
113,114,25025000202,6475526.57,148.6576,3885,1522,422,492,389,1116,1505,1515,1457.46,Brighton,1102312.6875,5255.26330041345,-71.15434481627176,42.35261380305607,28273,8.242,9.116
114,115,25025000201,6451197.13,148.0991,3854,1618,222,200,299,547,846,1126,1504.63,Brighton,1098221.71484375,5425.78600889872,-71.16116824746186,42.35407489210525,28273,8.242,9.116
115,116,25025981100,29412396.21,675.2157,418,136,25,133,8,117,125,334,143.39,Roslindale,4996616.44140625,12560.1024744399,-71.10471449461568,42.28793850500431,26219,8.807500000000001,9.9115
116,117,25025140105,10880533.0,249.7827,3675,1324,414,884,386,721,1107,2370,1401.32,Roslindale,1847240.28515625,5857.41542826497,-71.12518993390407,42.26800572671334,26219,8.807500000000001,9.9115
117,118,25025980700,31654255.2,726.6817,6,5,4,0,4,0,4,1,3.02,Roslindale,5373415.36328125,16813.0536313228,-71.13840705824748,42.263988791218196,26219,8.807500000000001,9.9115
118,119,25025120105,19809165.83,454.7559,2444,953,234,364,546,206,752,554,1061.8,Jamaica Plain,3367475.3984375,10379.7640861132,-71.12860748508119,42.309360011421525,26219,8.807500000000001,9.9115
119,120,25025070200,2892950.65,66.413,5218,1690,593,459,692,1919,2611,3469,1949.13,Bay Village,492413.9921875,3195.78948647107,-71.06391499264772,42.34966258223196,29389,7.7455,8.405000000000001
120,121,25025070101,10969123.93,251.8164,5902,3383,457,465,812,1253,2065,2378,2397.59,Leather District,1867256.34765625,7045.81032884415,-71.05753571994627,42.35277637417983,29389,7.7455,8.405000000000001
121,122,25025061200,19820250.56,455.0103,3240,2041,133,221,175,547,722,497,1328.07,South End,3372538.54296875,10283.575647448,-71.05638743724171,42.339312111660966,29389,7.7455,8.405000000000001
122,123,25025061000,1862434.17,42.7556,3098,1408,618,1058,219,1991,2210,1814,1070.76,South Boston,316828.125,2451.89363472459,-71.04991767846293,42.331629254227046,29389,7.7455,8.405000000000001
123,124,25025060800,3672689.59,84.3134,3964,2142,159,429,331,571,902,387,1612.62,South Boston,624854.10546875,3888.40231178912,-71.051493221998,42.33541207833129,29389,7.7455,8.405000000000001
124,125,25025060700,1380119.54,31.6832,1893,636,322,710,194,1211,1405,1539,585.33,South Boston,234830.16015625,1970.76719045512,-71.0539047072082,42.33853040794115,29389,7.7455,8.405000000000001
125,126,25025040401,4652086.45,106.7972,2439,1222,389,530,412,482,894,437,983.66,Charlestown,792452.40234375,5996.92606274901,-71.06602683250688,42.37422494280846,3642,7.6985,8.4805
126,127,25025020303,4830892.13,110.902,3400,1847,196,289,280,437,717,1353,1387.35,North End,822687.28515625,5967.28035756342,-71.06312546430992,42.36560622324688,29389,7.7455,8.405000000000001
127,128,25025070402,2880915.51,66.1367,1723,680,317,284,469,1059,1528,1613,649.89,Bay Village,490300.1484375,3023.40962304203,-71.06486717735706,42.345435234159204,29389,7.7455,8.405000000000001
128,129,25025020302,826400.6,18.9715,1181,721,123,153,153,154,307,170,489.75,West End,140705.96484375,1635.41010240263,-71.06399620535743,42.359352879747405,29389,7.7455,8.405000000000001
129,130,25025020301,2761716.23,63.4003,2023,1414,214,64,449,456,905,620,835.46,West End,470280.26953125,4418.75935749321,-71.06816853514464,42.36343411708341,29389,7.7455,8.405000000000001
130,131,25025020101,2401692.52,55.1353,4193,2814,172,595,541,280,821,411,1781.09,Back Bay,408899.921875,3149.45182775432,-71.0694117775509,42.35771726547881,29389,7.7455,8.405000000000001
131,132,25025081001,6011081.99,137.9955,4890,2287,857,603,556,2718,3274,2710,1884.55,Mission Hill,1022670.6640625,6862.32886444202,-71.10683095093671,42.33457531302392,29389,7.7455,8.405000000000001
132,133,25025010403,953147.47,21.8813,3003,2076,435,65,428,1613,2041,1317,1214.21,Back Bay,162213.4453125,1744.67149705568,-71.08806162153716,42.34508366270868,29389,7.7455,8.405000000000001
133,134,25025000100,19319283.08,443.5097,4254,1707,383,390,389,732,1121,1746,1609.84,Brighton,3289593.34765625,11640.4976172109,-71.13858776487204,42.36149320848153,28273,8.242,9.116
134,135,25025120301,7135172.57,163.801,4795,1895,319,812,244,627,871,2887,1822.78,Jamaica Plain,1213075.3125,5375.31868917508,-71.10193188451221,42.31265022676896,26219,8.807500000000001,9.9115
135,136,25025071201,4329260.48,99.3861,3131,1399,848,712,265,1647,1912,1913,1194.65,South End,736662.3125,4587.85745555594,-71.06707349700399,42.339814969442074,29389,7.7455,8.405000000000001
136,137,25025091001,12771750.15,293.199,2742,1315,416,489,274,898,1172,1143,1074.97,Dorchester,2171216.09375,12114.1770942993,-71.05186012102862,42.31040957239103,26219,8.807500000000001,9.9115
137,138,25025091500,4350093.55,99.8644,4370,1653,743,1540,436,1565,2001,3963,1548.72,Dorchester,739547.71875,3741.25294301514,-71.06437126276336,42.31150273855432,26219,8.807500000000001,9.9115
138,139,25025091400,3498284.33,80.3096,2741,939,346,397,184,1018,1202,2545,979.08,Roxbury,594804.57421875,3432.75245551396,-71.06985431612318,42.315277569366,26219,8.807500000000001,9.9115
139,140,25025091300,2825980.81,64.8756,2499,868,312,630,238,1091,1329,2334,870.74,Roxbury,480564.98828125,3353.51275710416,-71.06687069342787,42.319944361487224,26219,8.807500000000001,9.9115
140,141,25025091200,3483077.78,79.9605,3234,1239,345,627,179,784,963,2253,1158.82,Dorchester,592238.75,3675.66458371256,-71.06222034693656,42.31633457326315,26219,8.807500000000001,9.9115
141,142,25025091100,4562470.46,104.7399,4861,1966,552,1241,421,1436,1857,2601,1744.62,Dorchester,775754.578125,3793.01791890303,-71.05559548821876,42.315649708718624,26219,8.807500000000001,9.9115
142,143,25025090700,11544136.43,265.0169,4275,1990,545,713,390,1295,1685,1678,1671.75,Roxbury,1963368.22265625,5747.79773682998,-71.06002919864818,42.324139714784884,29389,7.7455,8.405000000000001
143,144,25025090600,3246866.13,74.5378,2348,793,238,718,178,864,1042,2255,834.69,Roxbury,552190.203125,3692.14194187966,-71.07227587415481,42.322969030015194,26219,8.807500000000001,9.9115
144,145,25025090400,4575787.71,105.0456,3659,1294,627,1104,387,1314,1701,3570,1263.83,Roxbury,778056.1796875,4189.02270310581,-71.07471033664247,42.31717224069466,26219,8.807500000000001,9.9115
145,146,25025090300,4094225.77,93.9905,3179,1268,531,925,236,1573,1809,3132,1049.55,Roxbury,696036.23828125,3746.26266547462,-71.07650560414484,42.31094527366887,26219,8.807500000000001,9.9115
146,147,25025090200,2945580.09,67.6212,2233,830,312,815,216,1662,1878,2193,742.63,Roxbury,500701.41796875,3310.79490909967,-71.07905652901842,42.30714648904146,26219,8.807500000000001,9.9115
147,148,25025080100,11047170.59,253.6081,3350,744,253,388,131,727,858,2834,1280.14,Roxbury,1879154.83203125,7693.60355866781,-71.07052955302723,42.32934040912944,29389,7.7455,8.405000000000001
148,149,25025060301,2933185.1,67.3367,3076,1647,320,162,437,443,880,107,1339.75,South Boston,499007.64453125,3688.96064936774,-71.03694892437325,42.33347562006731,29389,7.7455,8.405000000000001
149,150,25025090901,12625816.75,289.8489,3730,1640,443,752,155,2330,2485,2330,1306.46,Dorchester,2146846.75390625,6721.02715958284,-71.04202833514906,42.316901740796226,26219,8.807500000000001,9.9115
150,151,25025980101,35693132.84,819.4016,535,0,179,0,12,349,361,370,230.53,Harbor Islands,6071246.02734375,36865.7971223558,-70.96983737458505,42.32800227064697,29389,7.7455,8.405000000000001
151,152,25025060101,3181825.6,73.0447,3216,1684,391,400,374,464,838,101,1367.33,South Boston,541329.9140625,3406.91159492151,-71.02793072386422,42.33477052713815,29389,7.7455,8.405000000000001
152,153,25025981502,13774214.08,316.2124,9,3,0,0,0,0,0,2,4.13,East Boston,2348013.78125,7724.01238902718,-71.00216488160065,42.39674981862228,3642,7.6985,8.4805
153,154,25025060600,13571977.55,311.5697,2357,1530,123,68,187,164,351,318,978.98,South Boston Waterfront,2309927.04296875,13299.0973837889,-71.04386858550878,42.34716061446327,29389,7.7455,8.405000000000001
154,155,25025060400,4297519.18,98.6575,4904,2543,237,367,682,608,1290,278,2151.51,South Boston,731090.453125,3890.19722115346,-71.04289871356038,42.33240742103903,29389,7.7455,8.405000000000001
155,156,25025060200,1833887.31,42.1003,1916,999,96,329,158,203,361,32,797.86,South Boston,311980.9765625,3116.71333184245,-71.03268038283471,42.332567042875986,29389,7.7455,8.405000000000001
156,157,25025040801,10251246.56,235.3362,3900,2089,381,665,366,1564,1930,1761,1476.65,Charlestown,1746493.03515625,16361.8194813872,-71.05370683854531,42.37896838689734,3642,7.6985,8.4805
157,158,25025010203,3942467.47,90.5066,5569,3663,398,127,250,1955,2205,1964,2149.17,Fenway,670950.66796875,4596.29485237865,-71.09722972151555,42.344792442973606,29389,7.7455,8.405000000000001
158,159,25025110403,10231036.38,234.8723,4309,1767,672,951,592,775,1367,2161,1711.82,Roslindale,1737514.1328125,5930.89897417649,-71.12656643354376,42.27792244955591,26219,8.807500000000001,9.9115
159,160,25025110201,3747839.93,86.0386,2051,874,256,510,219,515,734,1640,753.75,Roslindale,636539.01171875,4237.48085497872,-71.11705144165322,42.28050474801561,26219,8.807500000000001,9.9115
160,161,25025981000,12173242.68,279.4592,22,5,0,0,0,0,0,19,6.69,Roslindale,2068709.99609375,8200.41989206878,-71.12366679048813,42.298746528718375,26219,8.807500000000001,9.9115
161,162,25025090100,4811070.98,110.447,4571,1863,974,1394,417,1554,1971,4485,1631.07,Roxbury,817682.546875,4374.48637285196,-71.08202040866519,42.30238449266182,26219,8.807500000000001,9.9115
162,163,25025082100,3988567.24,91.5649,5025,2117,1104,1690,497,3197,3694,4963,1752.74,Roxbury,678041.92578125,3582.35276202218,-71.08722981142053,42.30945714693747,26219,8.807500000000001,9.9115
163,164,25025082000,4220856.09,96.8975,2815,1278,594,525,358,1035,1393,2763,1077.3,Roxbury,717627.28515625,3469.77252402957,-71.08394893748877,42.31375658684885,26219,8.807500000000001,9.9115
164,165,25025051200,4435460.51,101.8242,2379,1160,294,403,225,554,779,1030,921.22,East Boston,755334.6640625,9150.72346637577,-71.0346315884676,42.365115077127044,3642,7.6985,8.4805
165,166,25025050700,2924637.13,67.1404,4504,1606,372,887,191,1228,1419,3279,1577.45,East Boston,498209.96875,3521.3101374998,-71.03327191614841,42.37536620843041,3642,7.6985,8.4805
166,167,25025050600,1821435.1,41.8144,2063,806,210,380,134,763,897,1540,749.78,East Boston,310246.68359375,2610.42612987078,-71.03727011213921,42.371896433191694,3642,7.6985,8.4805
167,168,25025050500,1235330.0,28.3593,1857,702,149,355,356,617,973,1147,688.53,East Boston,210400.91796875,1861.36559091368,-71.03391093840172,42.3697852422634,3642,7.6985,8.4805
168,169,25025050400,1420513.59,32.6105,2372,1035,219,308,229,658,887,1437,911.34,East Boston,241929.51171875,2303.01852978262,-71.03790244172708,42.36822709584043,3642,7.6985,8.4805
169,170,25025050300,3824484.97,87.7981,2251,1041,563,703,486,1534,2020,1601,833.28,East Boston,651437.99609375,8709.014681251,-71.04160239011959,42.37239105344279,3642,7.6985,8.4805
170,171,25025050200,2618361.16,60.1093,5231,1834,504,1156,319,1726,2045,3878,1799.97,East Boston,446068.32421875,3996.27115783487,-71.03575827956516,42.377586498777326,3642,7.6985,8.4805
171,172,25025040300,3014756.67,69.2093,3882,2037,265,847,259,766,1025,713,1483.72,Charlestown,513617.14453125,4055.8294450234,-71.06338467712062,42.378743339878994,3642,7.6985,8.4805
172,173,25025040200,1545294.9,35.4751,1606,727,183,611,166,744,910,745,587.93,Charlestown,263252.75,2981.45647384857,-71.0567936555675,42.37686156780754,3642,7.6985,8.4805
173,174,25025030500,2052881.84,47.1277,2538,1656,81,205,210,334,544,244,1074.25,North End,349614.359375,5628.05209308763,-71.05253673619995,42.36691368932641,3642,7.6985,8.4805
174,175,25025081900,4664571.96,107.0838,3115,1397,646,704,312,1101,1413,3047,1160.74,Roxbury,793110.62109375,4816.72345308458,-71.08965250479154,42.315482855238784,26219,8.807500000000001,9.9115
175,176,25025081800,4024571.84,92.3915,2898,1388,329,891,286,1263,1549,2820,1054.4,Roxbury,684396.7421875,4191.46695874341,-71.08003092454472,42.32032715524457,26219,8.807500000000001,9.9115
176,177,25025081700,6819156.25,156.5463,3820,1599,715,1250,420,1552,1972,3746,1404.47,Roxbury,1159715.28515625,4789.14928358349,-71.08603459750053,42.322704981101374,26219,8.807500000000001,9.9115
177,178,25025081500,3619583.13,83.0942,2134,905,340,430,197,809,1006,1957,804.02,Roxbury,615534.3046875,4824.79046879899,-71.09291463369128,42.32072734622006,26219,8.807500000000001,9.9115
178,179,25025081400,6678367.07,153.3142,3003,1462,268,314,283,791,1074,2318,1185.22,Jamaica Plain,1135952.734375,6170.17638290981,-71.09375555092285,42.32776890541192,29389,7.7455,8.405000000000001
179,180,25025081300,6246271.61,143.3947,4760,2111,1146,1355,793,3109,3902,4461,1792.61,Jamaica Plain,1062173.65625,5552.33664730777,-71.09769075260341,42.3193358272975,26219,8.807500000000001,9.9115
